<?xml version="1.0" encoding="UTF-8" standalone="yes"?>
<manifest>
  <control namespace="Andz" constructor="TinyMCEComponent" version="0.0.4" display-name-key="TinyMCEComponent" description-key="TinyMCEComponent description" control-type="standard" api-version="1.2.1">
    <property name="textField" display-name-key="textField" description-key="Property_Desc_Key" of-type="Multiple" usage="bound" required="true"/>
    <resources>
      <code path="bundle.js" order="1"/>
      <css path="skins/content/default/content.css" order="1"/>
      <css path="skins/ui/oxide/content.min.css" order="1"/>
      <css path="skins/ui/oxide/skin.min.css" order="1"/>
    </resources>
    <built-by name="pac" version="1.0.6"/>
  </control>
</manifest>